{"cameraMode":{"drawMode":0,"name":"Shaded","section":"Shading Mode"},"sceneLighting":true,"audioPlay":false,"sceneViewState":{"m_AlwaysRefresh":false,"showFog":true,"showSkybox":true,"showFlares":true,"showImageEffects":true,"showParticleSystems":true,"showVisualEffectGraphs":true,"m_FxEnabled":true},"in2DMode":false,"pivot":{"x":-0.196528822183609,"y":2.694183349609375,"z":-0.9111108779907227},"rotation":{"x":0.010885421186685562,"y":0.9866176247596741,"z":-0.07413501292467118,"w":0.14487360417842866},"size":1.717218279838562,"orthographic":false}